INSERT INTO F23_S001_T5_Subscription (SubscriptionID, SubscriptionCost, StartDate, EndDate) VALUES (1, 63.44, TO_DATE('2023-04-10', 'YYYY-MM-DD'), TO_DATE('2024-03-03', 'YYYY-MM-DD'));
INSERT INTO F23_S001_T5_Subscription (SubscriptionID, SubscriptionCost, StartDate, EndDate) VALUES (2, 78.25, TO_DATE('2023-02-22', 'YYYY-MM-DD'), TO_DATE('2024-02-10', 'YYYY-MM-DD'));
INSERT INTO F23_S001_T5_Subscription (SubscriptionID, SubscriptionCost, StartDate, EndDate) VALUES (3, 37.05, TO_DATE('2022-12-30', 'YYYY-MM-DD'), TO_DATE('2023-05-06', 'YYYY-MM-DD'));
INSERT INTO F23_S001_T5_Subscription (SubscriptionID, SubscriptionCost, StartDate, EndDate) VALUES (4, 67.01, TO_DATE('2023-03-23', 'YYYY-MM-DD'), TO_DATE('2023-11-27', 'YYYY-MM-DD'));
INSERT INTO F23_S001_T5_Subscription (SubscriptionID, SubscriptionCost, StartDate, EndDate) VALUES (5, 88.09, TO_DATE('2023-04-05', 'YYYY-MM-DD'), TO_DATE('2024-01-27', 'YYYY-MM-DD'));
INSERT INTO F23_S001_T5_Subscription (SubscriptionID, SubscriptionCost, StartDate, EndDate) VALUES (6, 72.08, TO_DATE('2022-11-29', 'YYYY-MM-DD'), TO_DATE('2023-01-10', 'YYYY-MM-DD'));
INSERT INTO F23_S001_T5_Subscription (SubscriptionID, SubscriptionCost, StartDate, EndDate) VALUES (7, 96.19, TO_DATE('2023-08-28', 'YYYY-MM-DD'), TO_DATE('2024-07-11', 'YYYY-MM-DD'));
INSERT INTO F23_S001_T5_Subscription (SubscriptionID, SubscriptionCost, StartDate, EndDate) VALUES (8, 23.34, TO_DATE('2023-05-02', 'YYYY-MM-DD'), TO_DATE('2023-07-09', 'YYYY-MM-DD'));
INSERT INTO F23_S001_T5_Subscription (SubscriptionID, SubscriptionCost, StartDate, EndDate) VALUES (9, 85.25, TO_DATE('2023-02-06', 'YYYY-MM-DD'), TO_DATE('2023-10-09', 'YYYY-MM-DD'));
INSERT INTO F23_S001_T5_Subscription (SubscriptionID, SubscriptionCost, StartDate, EndDate) VALUES (10, 60.01, TO_DATE('2023-06-08', 'YYYY-MM-DD'), TO_DATE('2023-11-13', 'YYYY-MM-DD'));
INSERT INTO F23_S001_T5_Subscription (SubscriptionID, SubscriptionCost, StartDate, EndDate) VALUES (11, 65.86, TO_DATE('2022-12-15', 'YYYY-MM-DD'), TO_DATE('2023-03-18', 'YYYY-MM-DD'));
INSERT INTO F23_S001_T5_Subscription (SubscriptionID, SubscriptionCost, StartDate, EndDate) VALUES (12, 59.94, TO_DATE('2022-11-15', 'YYYY-MM-DD'), TO_DATE('2023-06-01', 'YYYY-MM-DD'));
INSERT INTO F23_S001_T5_Subscription (SubscriptionID, SubscriptionCost, StartDate, EndDate) VALUES (13, 90.37, TO_DATE('2023-05-17', 'YYYY-MM-DD'), TO_DATE('2024-04-21', 'YYYY-MM-DD'));
INSERT INTO F23_S001_T5_Subscription (SubscriptionID, SubscriptionCost, StartDate, EndDate) VALUES (14, 41.07, TO_DATE('2022-12-13', 'YYYY-MM-DD'), TO_DATE('2023-01-29', 'YYYY-MM-DD'));
INSERT INTO F23_S001_T5_Subscription (SubscriptionID, SubscriptionCost, StartDate, EndDate) VALUES (15, 59.54, TO_DATE('2023-09-28', 'YYYY-MM-DD'), TO_DATE('2024-09-13', 'YYYY-MM-DD'));
INSERT INTO F23_S001_T5_Subscription (SubscriptionID, SubscriptionCost, StartDate, EndDate) VALUES (16, 84.06, TO_DATE('2023-10-05', 'YYYY-MM-DD'), TO_DATE('2023-12-18', 'YYYY-MM-DD'));
INSERT INTO F23_S001_T5_Subscription (SubscriptionID, SubscriptionCost, StartDate, EndDate) VALUES (17, 42.92, TO_DATE('2023-02-22', 'YYYY-MM-DD'), TO_DATE('2023-09-22', 'YYYY-MM-DD'));
INSERT INTO F23_S001_T5_Subscription (SubscriptionID, SubscriptionCost, StartDate, EndDate) VALUES (18, 30.18, TO_DATE('2023-04-22', 'YYYY-MM-DD'), TO_DATE('2023-10-21', 'YYYY-MM-DD'));
INSERT INTO F23_S001_T5_Subscription (SubscriptionID, SubscriptionCost, StartDate, EndDate) VALUES (19, 43.2, TO_DATE('2023-09-22', 'YYYY-MM-DD'), TO_DATE('2024-03-18', 'YYYY-MM-DD'));
INSERT INTO F23_S001_T5_Subscription (SubscriptionID, SubscriptionCost, StartDate, EndDate) VALUES (20, 32.49, TO_DATE('2022-11-22', 'YYYY-MM-DD'), TO_DATE('2022-12-29', 'YYYY-MM-DD'));
INSERT INTO F23_S001_T5_Subscription (SubscriptionID, SubscriptionCost, StartDate, EndDate) VALUES (21, 67.98, TO_DATE('2023-01-13', 'YYYY-MM-DD'), TO_DATE('2023-03-13', 'YYYY-MM-DD'));
INSERT INTO F23_S001_T5_Subscription (SubscriptionID, SubscriptionCost, StartDate, EndDate) VALUES (22, 48.37, TO_DATE('2023-07-12', 'YYYY-MM-DD'), TO_DATE('2024-05-21', 'YYYY-MM-DD'));
INSERT INTO F23_S001_T5_Subscription (SubscriptionID, SubscriptionCost, StartDate, EndDate) VALUES (23, 74.44, TO_DATE('2023-03-23', 'YYYY-MM-DD'), TO_DATE('2023-07-28', 'YYYY-MM-DD'));
INSERT INTO F23_S001_T5_Subscription (SubscriptionID, SubscriptionCost, StartDate, EndDate) VALUES (24, 44.95, TO_DATE('2023-09-23', 'YYYY-MM-DD'), TO_DATE('2024-07-09', 'YYYY-MM-DD'));
INSERT INTO F23_S001_T5_Subscription (SubscriptionID, SubscriptionCost, StartDate, EndDate) VALUES (25, 31.98, TO_DATE('2023-09-13', 'YYYY-MM-DD'), TO_DATE('2024-07-07', 'YYYY-MM-DD'));
INSERT INTO F23_S001_T5_Subscription (SubscriptionID, SubscriptionCost, StartDate, EndDate) VALUES (26, 43.22, TO_DATE('2023-05-15', 'YYYY-MM-DD'), TO_DATE('2023-07-31', 'YYYY-MM-DD'));
INSERT INTO F23_S001_T5_Subscription (SubscriptionID, SubscriptionCost, StartDate, EndDate) VALUES (27, 99.55, TO_DATE('2023-04-24', 'YYYY-MM-DD'), TO_DATE('2023-07-12', 'YYYY-MM-DD'));
INSERT INTO F23_S001_T5_Subscription (SubscriptionID, SubscriptionCost, StartDate, EndDate) VALUES (28, 51.9, TO_DATE('2023-01-16', 'YYYY-MM-DD'), TO_DATE('2023-11-05', 'YYYY-MM-DD'));
INSERT INTO F23_S001_T5_Subscription (SubscriptionID, SubscriptionCost, StartDate, EndDate) VALUES (29, 34.47, TO_DATE('2023-07-24', 'YYYY-MM-DD'), TO_DATE('2023-12-29', 'YYYY-MM-DD'));
INSERT INTO F23_S001_T5_Subscription (SubscriptionID, SubscriptionCost, StartDate, EndDate) VALUES (30, 85.81, TO_DATE('2023-04-04', 'YYYY-MM-DD'), TO_DATE('2023-12-29', 'YYYY-MM-DD'));
INSERT INTO F23_S001_T5_Subscription (SubscriptionID, SubscriptionCost, StartDate, EndDate) VALUES (31, 29.75, TO_DATE('2023-11-02', 'YYYY-MM-DD'), TO_DATE('2024-02-08', 'YYYY-MM-DD'));
INSERT INTO F23_S001_T5_Subscription (SubscriptionID, SubscriptionCost, StartDate, EndDate) VALUES (32, 36.79, TO_DATE('2023-10-18', 'YYYY-MM-DD'), TO_DATE('2024-10-16', 'YYYY-MM-DD'));
INSERT INTO F23_S001_T5_Subscription (SubscriptionID, SubscriptionCost, StartDate, EndDate) VALUES (33, 87.53, TO_DATE('2023-03-15', 'YYYY-MM-DD'), TO_DATE('2023-12-25', 'YYYY-MM-DD'));
INSERT INTO F23_S001_T5_Subscription (SubscriptionID, SubscriptionCost, StartDate, EndDate) VALUES (34, 48.65, TO_DATE('2023-09-24', 'YYYY-MM-DD'), TO_DATE('2024-04-26', 'YYYY-MM-DD'));
INSERT INTO F23_S001_T5_Subscription (SubscriptionID, SubscriptionCost, StartDate, EndDate) VALUES (35, 88.15, TO_DATE('2023-01-23', 'YYYY-MM-DD'), TO_DATE('2024-01-04', 'YYYY-MM-DD'));
INSERT INTO F23_S001_T5_Subscription (SubscriptionID, SubscriptionCost, StartDate, EndDate) VALUES (36, 54.46, TO_DATE('2022-12-30', 'YYYY-MM-DD'), TO_DATE('2023-09-15', 'YYYY-MM-DD'));
INSERT INTO F23_S001_T5_Subscription (SubscriptionID, SubscriptionCost, StartDate, EndDate) VALUES (37, 39.08, TO_DATE('2023-10-05', 'YYYY-MM-DD'), TO_DATE('2024-08-26', 'YYYY-MM-DD'));
INSERT INTO F23_S001_T5_Subscription (SubscriptionID, SubscriptionCost, StartDate, EndDate) VALUES (38, 35.43, TO_DATE('2023-07-04', 'YYYY-MM-DD'), TO_DATE('2023-10-26', 'YYYY-MM-DD'));
INSERT INTO F23_S001_T5_Subscription (SubscriptionID, SubscriptionCost, StartDate, EndDate) VALUES (39, 83.79, TO_DATE('2023-04-01', 'YYYY-MM-DD'), TO_DATE('2023-05-12', 'YYYY-MM-DD'));
INSERT INTO F23_S001_T5_Subscription (SubscriptionID, SubscriptionCost, StartDate, EndDate) VALUES (40, 22.15, TO_DATE('2023-08-09', 'YYYY-MM-DD'), TO_DATE('2023-10-07', 'YYYY-MM-DD'));
INSERT INTO F23_S001_T5_Subscription (SubscriptionID, SubscriptionCost, StartDate, EndDate) VALUES (41, 84.03, TO_DATE('2023-05-16', 'YYYY-MM-DD'), TO_DATE('2024-03-29', 'YYYY-MM-DD'));
INSERT INTO F23_S001_T5_Subscription (SubscriptionID, SubscriptionCost, StartDate, EndDate) VALUES (42, 76.2, TO_DATE('2023-02-14', 'YYYY-MM-DD'), TO_DATE('2023-11-15', 'YYYY-MM-DD'));
INSERT INTO F23_S001_T5_Subscription (SubscriptionID, SubscriptionCost, StartDate, EndDate) VALUES (43, 56.7, TO_DATE('2022-11-25', 'YYYY-MM-DD'), TO_DATE('2023-07-23', 'YYYY-MM-DD'));
INSERT INTO F23_S001_T5_Subscription (SubscriptionID, SubscriptionCost, StartDate, EndDate) VALUES (44, 43.77, TO_DATE('2023-09-03', 'YYYY-MM-DD'), TO_DATE('2024-01-31', 'YYYY-MM-DD'));
INSERT INTO F23_S001_T5_Subscription (SubscriptionID, SubscriptionCost, StartDate, EndDate) VALUES (45, 79.34, TO_DATE('2023-07-01', 'YYYY-MM-DD'), TO_DATE('2023-10-12', 'YYYY-MM-DD'));
INSERT INTO F23_S001_T5_Subscription (SubscriptionID, SubscriptionCost, StartDate, EndDate) VALUES (46, 52.39, TO_DATE('2023-10-29', 'YYYY-MM-DD'), TO_DATE('2024-01-31', 'YYYY-MM-DD'));
INSERT INTO F23_S001_T5_Subscription (SubscriptionID, SubscriptionCost, StartDate, EndDate) VALUES (47, 43.46, TO_DATE('2023-07-03', 'YYYY-MM-DD'), TO_DATE('2023-09-06', 'YYYY-MM-DD'));
INSERT INTO F23_S001_T5_Subscription (SubscriptionID, SubscriptionCost, StartDate, EndDate) VALUES (48, 91.24, TO_DATE('2023-02-19', 'YYYY-MM-DD'), TO_DATE('2023-06-03', 'YYYY-MM-DD'));
INSERT INTO F23_S001_T5_Subscription (SubscriptionID, SubscriptionCost, StartDate, EndDate) VALUES (49, 58.73, TO_DATE('2023-08-17', 'YYYY-MM-DD'), TO_DATE('2024-04-05', 'YYYY-MM-DD'));
INSERT INTO F23_S001_T5_Subscription (SubscriptionID, SubscriptionCost, StartDate, EndDate) VALUES (50, 78.41, TO_DATE('2023-03-22', 'YYYY-MM-DD'), TO_DATE('2023-11-15', 'YYYY-MM-DD'));
INSERT INTO F23_S001_T5_Students (StudentID, Name, Email, Ratings, Reviews, SubscriptionID) VALUES (1, 'Darrell Arnold', 'walshmichael@example.org', 2.3, 'Ever set debate social age. Per dark together catch activity open son. Executive choose economic.', 46);
INSERT INTO F23_S001_T5_Students (StudentID, Name, Email, Ratings, Reviews, SubscriptionID) VALUES (2, 'Joseph Lopez', 'colekim@example.net', 2.0, 'Enter soldier bit high list company land.', 38);
INSERT INTO F23_S001_T5_Students (StudentID, Name, Email, Ratings, Reviews, SubscriptionID) VALUES (3, 'Christine Wall', 'erik11@example.org', 4.7, 'Story look friend perhaps these personal wind. Can it sign. Both dog buy what investment.', 38);
INSERT INTO F23_S001_T5_Students (StudentID, Name, Email, Ratings, Reviews, SubscriptionID) VALUES (4, 'Cheryl Bradley', 'nortonjoel@example.com', 2.7, 'Political protect real nature according visit conference. Worry stuff term score respond certain.', 25);
INSERT INTO F23_S001_T5_Students (StudentID, Name, Email, Ratings, Reviews, SubscriptionID) VALUES (5, 'Timothy Sanchez', 'elizabeth36@example.net', 1.7, 'Relate relate house music range trip state. Pattern article force cost cultural.', 22);
INSERT INTO F23_S001_T5_Students (StudentID, Name, Email, Ratings, Reviews, SubscriptionID) VALUES (6, 'Robert Liu', 'brennanbrian@example.org', 4.2, 'Next big anyone card argue. Technology challenge event garden hundred.', 15);
INSERT INTO F23_S001_T5_Students (StudentID, Name, Email, Ratings, Reviews, SubscriptionID) VALUES (7, 'Corey Simpson', 'aprilalvarez@example.net', 3.1, 'Leg property performance. Public direction worry such many generation outside.', 44);
INSERT INTO F23_S001_T5_Students (StudentID, Name, Email, Ratings, Reviews, SubscriptionID) VALUES (8, 'Michelle Ellison', 'lancelevy@example.net', 3.4, 'Red major significant.
Head over process walk home modern vote middle.', 45);
INSERT INTO F23_S001_T5_Students (StudentID, Name, Email, Ratings, Reviews, SubscriptionID) VALUES (9, 'Troy Davis', 'hsmith@example.org', 3.9, 'Upon three total magazine. Peace experience something different ever.', 48);
INSERT INTO F23_S001_T5_Students (StudentID, Name, Email, Ratings, Reviews, SubscriptionID) VALUES (10, 'Dawn Rodriguez', 'iwelch@example.net', 3.2, 'Seat voice old age way. Floor debate floor.', 26);
INSERT INTO F23_S001_T5_Students (StudentID, Name, Email, Ratings, Reviews, SubscriptionID) VALUES (11, 'Bradley Harrell', 'evansrobert@example.net', 2.5, 'Letter free me too new seem. Quality dream move she individual. Few board strategy film.', 27);
INSERT INTO F23_S001_T5_Students (StudentID, Name, Email, Ratings, Reviews, SubscriptionID) VALUES (12, 'Danielle Williams', 'mmanning@example.net', 3.1, 'Month author remain course sometimes. Plan race board ahead cup under heavy institution.', 13);
INSERT INTO F23_S001_T5_Students (StudentID, Name, Email, Ratings, Reviews, SubscriptionID) VALUES (13, 'Vickie George', 'kylegregory@example.net', 4.4, 'Speech season serve city official number. Window reason wrong send animal.', 13);
INSERT INTO F23_S001_T5_Students (StudentID, Name, Email, Ratings, Reviews, SubscriptionID) VALUES (14, 'Mary Roberts', 'zobrien@example.net', 3.9, 'Follow administration fear debate.', 5);
INSERT INTO F23_S001_T5_Students (StudentID, Name, Email, Ratings, Reviews, SubscriptionID) VALUES (15, 'Christine Nguyen', 'gbarron@example.net', 3.3, 'Low explain every lot box. Not summer away what a just.', 44);
INSERT INTO F23_S001_T5_Students (StudentID, Name, Email, Ratings, Reviews, SubscriptionID) VALUES (16, 'Brandi Ortiz', 'grantjoseph@example.com', 4.1, 'Increase father soon thus each. Military me down friend. Business provide surface history.', 30);
INSERT INTO F23_S001_T5_Students (StudentID, Name, Email, Ratings, Reviews, SubscriptionID) VALUES (17, 'Jennifer Roman', 'larsenmarie@example.com', 4.6, 'Under real performance economic. Law leg officer before.', 26);
INSERT INTO F23_S001_T5_Students (StudentID, Name, Email, Ratings, Reviews, SubscriptionID) VALUES (18, 'Melissa King', 'david19@example.org', 2.7, 'Miss idea home give security.', 25);
INSERT INTO F23_S001_T5_Students (StudentID, Name, Email, Ratings, Reviews, SubscriptionID) VALUES (19, 'James Perry', 'charlesbyrd@example.net', 2.5, 'Huge respond coach. Respond seat glass meet laugh car.', 45);
INSERT INTO F23_S001_T5_Students (StudentID, Name, Email, Ratings, Reviews, SubscriptionID) VALUES (20, 'Michael Benjamin', 'jessicafields@example.org', 4.6, 'There add clear well thank support.', 32);
INSERT INTO F23_S001_T5_Students (StudentID, Name, Email, Ratings, Reviews, SubscriptionID) VALUES (21, 'Kellie Petty', 'klowery@example.com', 2.8, 'Scientist effect particularly reality. Federal item south medical say provide student.', 28);
INSERT INTO F23_S001_T5_Students (StudentID, Name, Email, Ratings, Reviews, SubscriptionID) VALUES (22, 'Sarah Harris', 'nathan71@example.org', 2.3, 'Herself after such. Civil which chair line fine director customer.', 6);
INSERT INTO F23_S001_T5_Students (StudentID, Name, Email, Ratings, Reviews, SubscriptionID) VALUES (23, 'Katherine Hall', 'andrewchavez@example.org', 1.9, 'Official probably teacher man. Spend young give note threat. Product positive for environmental.', 46);
INSERT INTO F23_S001_T5_Students (StudentID, Name, Email, Ratings, Reviews, SubscriptionID) VALUES (24, 'Stephanie White', 'leahhunter@example.com', 4.5, 'Shake oil seek line war. Alone best move within simply note film.', 31);
INSERT INTO F23_S001_T5_Students (StudentID, Name, Email, Ratings, Reviews, SubscriptionID) VALUES (25, 'Rachel Austin', 'gspears@example.org', 1.4, 'So else kitchen magazine deal organization.', 3);
INSERT INTO F23_S001_T5_Students (StudentID, Name, Email, Ratings, Reviews, SubscriptionID) VALUES (26, 'Christina Chan', 'jacob25@example.com', 1.9, 'Factor suddenly relate word. Step hard family our.', 11);
INSERT INTO F23_S001_T5_Students (StudentID, Name, Email, Ratings, Reviews, SubscriptionID) VALUES (27, 'Ronald Gardner', 'whiteheademily@example.org', 4.0, 'Continue likely marriage blood prevent. Bar without expect right sell hour interview.', 48);
INSERT INTO F23_S001_T5_Students (StudentID, Name, Email, Ratings, Reviews, SubscriptionID) VALUES (28, 'Timothy Webster MD', 'matthewwood@example.com', 4.8, 'Where tonight attorney give expert father with floor.', 41);
INSERT INTO F23_S001_T5_Students (StudentID, Name, Email, Ratings, Reviews, SubscriptionID) VALUES (29, 'Nicole Smith', 'gtorres@example.net', 2.1, 'Read bag simple feel mind.', 49);
INSERT INTO F23_S001_T5_Students (StudentID, Name, Email, Ratings, Reviews, SubscriptionID) VALUES (30, 'Mr. Brandon Armstrong DDS', 'murillolinda@example.org', 3.3, 'Size occur lay minute stand bar station. Line wind kid final.', 15);
INSERT INTO F23_S001_T5_Students (StudentID, Name, Email, Ratings, Reviews, SubscriptionID) VALUES (31, 'Dr. Michael Carter', 'smithseth@example.net', 1.7, 'Stand poor push detail look. Moment wind onto peace. Record process could.', 44);
INSERT INTO F23_S001_T5_Students (StudentID, Name, Email, Ratings, Reviews, SubscriptionID) VALUES (32, 'Wesley Kramer', 'sboyd@example.com', 3.1, 'Treat reality item argue. Sort finish western write can decision.', 34);
INSERT INTO F23_S001_T5_Students (StudentID, Name, Email, Ratings, Reviews, SubscriptionID) VALUES (33, 'Laura Farrell', 'kingcourtney@example.net', 1.9, 'Need thank crime wonder little should.', 16);
INSERT INTO F23_S001_T5_Students (StudentID, Name, Email, Ratings, Reviews, SubscriptionID) VALUES (34, 'Vicki Walters', 'veronicaford@example.org', 4.5, 'Evening laugh many hotel risk color. Hold after themselves detail.', 9);
INSERT INTO F23_S001_T5_Students (StudentID, Name, Email, Ratings, Reviews, SubscriptionID) VALUES (35, 'Patricia Anderson', 'garnercolleen@example.net', 1.4, 'Indeed ask line feel manage store report. Article add spend foot share.', 40);
INSERT INTO F23_S001_T5_Students (StudentID, Name, Email, Ratings, Reviews, SubscriptionID) VALUES (36, 'Christine Glenn', 'wmcgrath@example.com', 1.8, 'Avoid director whatever. Serve hospital act.', 17);
INSERT INTO F23_S001_T5_Students (StudentID, Name, Email, Ratings, Reviews, SubscriptionID) VALUES (37, 'Paige Christensen', 'richardmason@example.net', 4.7, 'Development partner home area report right.', 47);
INSERT INTO F23_S001_T5_Students (StudentID, Name, Email, Ratings, Reviews, SubscriptionID) VALUES (38, 'Elijah Sims', 'mccarthyelizabeth@example.net', 2.3, 'Development season certainly film star.', 25);
INSERT INTO F23_S001_T5_Students (StudentID, Name, Email, Ratings, Reviews, SubscriptionID) VALUES (39, 'Shawn Ramirez', 'utaylor@example.net', 4.5, 'Minute meet baby race. Company staff treat hour common.', 5);
INSERT INTO F23_S001_T5_Students (StudentID, Name, Email, Ratings, Reviews, SubscriptionID) VALUES (40, 'Anna Rojas', 'julievalentine@example.net', 2.2, 'Seem hard eight. Drive get as chair smile cost. Religious pretty soldier son develop free.', 46);
INSERT INTO F23_S001_T5_Students (StudentID, Name, Email, Ratings, Reviews, SubscriptionID) VALUES (41, 'Andrew Hernandez', 'debragreen@example.com', 1.8, 'Third according stuff chance action.', 4);
INSERT INTO F23_S001_T5_Students (StudentID, Name, Email, Ratings, Reviews, SubscriptionID) VALUES (42, 'Jesse Pratt', 'bakerchristian@example.org', 1.2, 'Drive center rate mouth lay.
Likely treat skin bad. First everyone high into those.', 24);
INSERT INTO F23_S001_T5_Students (StudentID, Name, Email, Ratings, Reviews, SubscriptionID) VALUES (43, 'Michelle Wallace', 'michele76@example.com', 3.7, 'What mean different require benefit. Shoulder kind black turn down strong concern.', 5);
INSERT INTO F23_S001_T5_Students (StudentID, Name, Email, Ratings, Reviews, SubscriptionID) VALUES (44, 'Donna Moore', 'williambridges@example.org', 2.6, 'Middle model statement follow peace such rest. Adult particular kid security debate.', 27);
INSERT INTO F23_S001_T5_Students (StudentID, Name, Email, Ratings, Reviews, SubscriptionID) VALUES (45, 'Emily Graham', 'bennettbryan@example.net', 1.1, 'Still up on style. Baby part support source. Interview stay too appear.', 3);
INSERT INTO F23_S001_T5_Students (StudentID, Name, Email, Ratings, Reviews, SubscriptionID) VALUES (46, 'Randy Blackburn', 'kwright@example.net', 2.0, 'Interest meeting dog affect sure. Project action serve Mr become. Knowledge front every must.', 6);
INSERT INTO F23_S001_T5_Students (StudentID, Name, Email, Ratings, Reviews, SubscriptionID) VALUES (47, 'Tyler Wallace', 'david43@example.org', 3.7, 'Effect idea child measure source Republican American.', 3);
INSERT INTO F23_S001_T5_Students (StudentID, Name, Email, Ratings, Reviews, SubscriptionID) VALUES (48, 'Dawn Ray MD', 'smithjennifer@example.net', 4.3, 'Might story staff place.
Draw call conference table through eight after.', 33);
INSERT INTO F23_S001_T5_Students (StudentID, Name, Email, Ratings, Reviews, SubscriptionID) VALUES (49, 'Rebecca Coffey', 'hcampbell@example.net', 1.8, 'It carry school baby. Somebody staff most huge officer painting pretty. Above condition tree.', 18);
INSERT INTO F23_S001_T5_Students (StudentID, Name, Email, Ratings, Reviews, SubscriptionID) VALUES (50, 'Joshua Roberson', 'andrewspears@example.org', 4.7, 'Approach money skin fill seven issue he poor. Soldier practice growth cost.', 17);
INSERT INTO F23_S001_T5_Device (Type, DeviceID, DeviceName, StudentID) VALUES ('Laptop', 1, 'collection', 24);
INSERT INTO F23_S001_T5_Device (Type, DeviceID, DeviceName, StudentID) VALUES ('Tablet', 2, 'learn', 32);
INSERT INTO F23_S001_T5_Device (Type, DeviceID, DeviceName, StudentID) VALUES ('Laptop', 3, 'simple', 34);
INSERT INTO F23_S001_T5_Device (Type, DeviceID, DeviceName, StudentID) VALUES ('Tablet', 4, 'view', 45);
INSERT INTO F23_S001_T5_Device (Type, DeviceID, DeviceName, StudentID) VALUES ('Phone', 5, 'step', 25);
INSERT INTO F23_S001_T5_Device (Type, DeviceID, DeviceName, StudentID) VALUES ('Laptop', 6, 'until', 3);
INSERT INTO F23_S001_T5_Device (Type, DeviceID, DeviceName, StudentID) VALUES ('Tablet', 7, 'enter', 6);
INSERT INTO F23_S001_T5_Device (Type, DeviceID, DeviceName, StudentID) VALUES ('Laptop', 8, 'fine', 47);
INSERT INTO F23_S001_T5_Device (Type, DeviceID, DeviceName, StudentID) VALUES ('Laptop', 9, 'energy', 28);
INSERT INTO F23_S001_T5_Device (Type, DeviceID, DeviceName, StudentID) VALUES ('Phone', 10, 'method', 20);
INSERT INTO F23_S001_T5_Device (Type, DeviceID, DeviceName, StudentID) VALUES ('Phone', 11, 'success', 28);
INSERT INTO F23_S001_T5_Device (Type, DeviceID, DeviceName, StudentID) VALUES ('Phone', 12, 'one', 35);
INSERT INTO F23_S001_T5_Device (Type, DeviceID, DeviceName, StudentID) VALUES ('Laptop', 13, 'end', 39);
INSERT INTO F23_S001_T5_Device (Type, DeviceID, DeviceName, StudentID) VALUES ('Phone', 14, 'four', 8);
INSERT INTO F23_S001_T5_Device (Type, DeviceID, DeviceName, StudentID) VALUES ('Phone', 15, 'common', 34);
INSERT INTO F23_S001_T5_Device (Type, DeviceID, DeviceName, StudentID) VALUES ('Laptop', 16, 'place', 29);
INSERT INTO F23_S001_T5_Device (Type, DeviceID, DeviceName, StudentID) VALUES ('Tablet', 17, 'free', 6);
INSERT INTO F23_S001_T5_Device (Type, DeviceID, DeviceName, StudentID) VALUES ('Phone', 18, 'sometimes', 49);
INSERT INTO F23_S001_T5_Device (Type, DeviceID, DeviceName, StudentID) VALUES ('Phone', 19, 'brother', 40);
INSERT INTO F23_S001_T5_Device (Type, DeviceID, DeviceName, StudentID) VALUES ('Tablet', 20, 'western', 5);
INSERT INTO F23_S001_T5_Device (Type, DeviceID, DeviceName, StudentID) VALUES ('Laptop', 21, 'item', 32);
INSERT INTO F23_S001_T5_Device (Type, DeviceID, DeviceName, StudentID) VALUES ('Laptop', 22, 'direction', 36);
INSERT INTO F23_S001_T5_Device (Type, DeviceID, DeviceName, StudentID) VALUES ('Laptop', 23, 'president', 7);
INSERT INTO F23_S001_T5_Device (Type, DeviceID, DeviceName, StudentID) VALUES ('Tablet', 24, 'establish', 15);
INSERT INTO F23_S001_T5_Device (Type, DeviceID, DeviceName, StudentID) VALUES ('Tablet', 25, 'pick', 4);
INSERT INTO F23_S001_T5_Device (Type, DeviceID, DeviceName, StudentID) VALUES ('Laptop', 26, 'agency', 9);
INSERT INTO F23_S001_T5_Device (Type, DeviceID, DeviceName, StudentID) VALUES ('Phone', 27, 'bill', 11);
INSERT INTO F23_S001_T5_Device (Type, DeviceID, DeviceName, StudentID) VALUES ('Laptop', 28, 'including', 45);
INSERT INTO F23_S001_T5_Device (Type, DeviceID, DeviceName, StudentID) VALUES ('Laptop', 29, 'not', 18);
INSERT INTO F23_S001_T5_Device (Type, DeviceID, DeviceName, StudentID) VALUES ('Phone', 30, 'ever', 23);
INSERT INTO F23_S001_T5_Device (Type, DeviceID, DeviceName, StudentID) VALUES ('Tablet', 31, 'with', 43);
INSERT INTO F23_S001_T5_Device (Type, DeviceID, DeviceName, StudentID) VALUES ('Phone', 32, 'world', 3);
INSERT INTO F23_S001_T5_Device (Type, DeviceID, DeviceName, StudentID) VALUES ('Laptop', 33, 'within', 42);
INSERT INTO F23_S001_T5_Device (Type, DeviceID, DeviceName, StudentID) VALUES ('Laptop', 34, 'will', 7);
INSERT INTO F23_S001_T5_Device (Type, DeviceID, DeviceName, StudentID) VALUES ('Tablet', 35, 'clearly', 23);
INSERT INTO F23_S001_T5_Device (Type, DeviceID, DeviceName, StudentID) VALUES ('Phone', 36, 'eight', 7);
INSERT INTO F23_S001_T5_Device (Type, DeviceID, DeviceName, StudentID) VALUES ('Laptop', 37, 'get', 50);
INSERT INTO F23_S001_T5_Device (Type, DeviceID, DeviceName, StudentID) VALUES ('Tablet', 38, 'represent', 50);
INSERT INTO F23_S001_T5_Device (Type, DeviceID, DeviceName, StudentID) VALUES ('Laptop', 39, 'instead', 14);
INSERT INTO F23_S001_T5_Device (Type, DeviceID, DeviceName, StudentID) VALUES ('Laptop', 40, 'line', 28);
INSERT INTO F23_S001_T5_Device (Type, DeviceID, DeviceName, StudentID) VALUES ('Tablet', 41, 'serious', 35);
INSERT INTO F23_S001_T5_Device (Type, DeviceID, DeviceName, StudentID) VALUES ('Laptop', 42, 'quickly', 45);
INSERT INTO F23_S001_T5_Device (Type, DeviceID, DeviceName, StudentID) VALUES ('Laptop', 43, 'go', 31);
INSERT INTO F23_S001_T5_Device (Type, DeviceID, DeviceName, StudentID) VALUES ('Laptop', 44, 'campaign', 17);
INSERT INTO F23_S001_T5_Device (Type, DeviceID, DeviceName, StudentID) VALUES ('Tablet', 45, 'say', 2);
INSERT INTO F23_S001_T5_Device (Type, DeviceID, DeviceName, StudentID) VALUES ('Phone', 46, 'service', 2);
INSERT INTO F23_S001_T5_Device (Type, DeviceID, DeviceName, StudentID) VALUES ('Phone', 47, 'also', 34);
INSERT INTO F23_S001_T5_Device (Type, DeviceID, DeviceName, StudentID) VALUES ('Laptop', 48, 'sell', 36);
INSERT INTO F23_S001_T5_Device (Type, DeviceID, DeviceName, StudentID) VALUES ('Tablet', 49, 'hope', 35);
INSERT INTO F23_S001_T5_Device (Type, DeviceID, DeviceName, StudentID) VALUES ('Phone', 50, 'central', 37);
INSERT INTO F23_S001_T5_SubscriptionPaymentHistory (TransactionID, SubscriptionID, PaidAmount) VALUES (1, 31, 16.38);
INSERT INTO F23_S001_T5_SubscriptionPaymentHistory (TransactionID, SubscriptionID, PaidAmount) VALUES (2, 40, 12.48);
INSERT INTO F23_S001_T5_SubscriptionPaymentHistory (TransactionID, SubscriptionID, PaidAmount) VALUES (3, 24, 18.92);
INSERT INTO F23_S001_T5_SubscriptionPaymentHistory (TransactionID, SubscriptionID, PaidAmount) VALUES (4, 23, 27.79);
INSERT INTO F23_S001_T5_SubscriptionPaymentHistory (TransactionID, SubscriptionID, PaidAmount) VALUES (5, 15, 40.78);
INSERT INTO F23_S001_T5_SubscriptionPaymentHistory (TransactionID, SubscriptionID, PaidAmount) VALUES (6, 49, 22.85);
INSERT INTO F23_S001_T5_SubscriptionPaymentHistory (TransactionID, SubscriptionID, PaidAmount) VALUES (7, 17, 35.22);
INSERT INTO F23_S001_T5_SubscriptionPaymentHistory (TransactionID, SubscriptionID, PaidAmount) VALUES (8, 7, 20.28);
INSERT INTO F23_S001_T5_SubscriptionPaymentHistory (TransactionID, SubscriptionID, PaidAmount) VALUES (9, 36, 49.49);
INSERT INTO F23_S001_T5_SubscriptionPaymentHistory (TransactionID, SubscriptionID, PaidAmount) VALUES (10, 30, 35.64);
INSERT INTO F23_S001_T5_SubscriptionPaymentHistory (TransactionID, SubscriptionID, PaidAmount) VALUES (11, 22, 32.32);
INSERT INTO F23_S001_T5_SubscriptionPaymentHistory (TransactionID, SubscriptionID, PaidAmount) VALUES (12, 31, 24.17);
INSERT INTO F23_S001_T5_SubscriptionPaymentHistory (TransactionID, SubscriptionID, PaidAmount) VALUES (13, 2, 26.97);
INSERT INTO F23_S001_T5_SubscriptionPaymentHistory (TransactionID, SubscriptionID, PaidAmount) VALUES (14, 17, 34.17);
INSERT INTO F23_S001_T5_SubscriptionPaymentHistory (TransactionID, SubscriptionID, PaidAmount) VALUES (15, 14, 12.7);
INSERT INTO F23_S001_T5_SubscriptionPaymentHistory (TransactionID, SubscriptionID, PaidAmount) VALUES (16, 22, 43.55);
INSERT INTO F23_S001_T5_SubscriptionPaymentHistory (TransactionID, SubscriptionID, PaidAmount) VALUES (17, 37, 34.26);
INSERT INTO F23_S001_T5_SubscriptionPaymentHistory (TransactionID, SubscriptionID, PaidAmount) VALUES (18, 37, 16.94);
INSERT INTO F23_S001_T5_SubscriptionPaymentHistory (TransactionID, SubscriptionID, PaidAmount) VALUES (19, 31, 16.65);
INSERT INTO F23_S001_T5_SubscriptionPaymentHistory (TransactionID, SubscriptionID, PaidAmount) VALUES (20, 25, 26.67);
INSERT INTO F23_S001_T5_SubscriptionPaymentHistory (TransactionID, SubscriptionID, PaidAmount) VALUES (21, 16, 18.18);
INSERT INTO F23_S001_T5_SubscriptionPaymentHistory (TransactionID, SubscriptionID, PaidAmount) VALUES (22, 46, 21.18);
INSERT INTO F23_S001_T5_SubscriptionPaymentHistory (TransactionID, SubscriptionID, PaidAmount) VALUES (23, 32, 13.14);
INSERT INTO F23_S001_T5_SubscriptionPaymentHistory (TransactionID, SubscriptionID, PaidAmount) VALUES (24, 19, 36.79);
INSERT INTO F23_S001_T5_SubscriptionPaymentHistory (TransactionID, SubscriptionID, PaidAmount) VALUES (25, 21, 44.3);
INSERT INTO F23_S001_T5_SubscriptionPaymentHistory (TransactionID, SubscriptionID, PaidAmount) VALUES (26, 5, 30.44);
INSERT INTO F23_S001_T5_SubscriptionPaymentHistory (TransactionID, SubscriptionID, PaidAmount) VALUES (27, 35, 47.26);
INSERT INTO F23_S001_T5_SubscriptionPaymentHistory (TransactionID, SubscriptionID, PaidAmount) VALUES (28, 41, 27.78);
INSERT INTO F23_S001_T5_SubscriptionPaymentHistory (TransactionID, SubscriptionID, PaidAmount) VALUES (29, 15, 33.34);
INSERT INTO F23_S001_T5_SubscriptionPaymentHistory (TransactionID, SubscriptionID, PaidAmount) VALUES (30, 46, 24.53);
INSERT INTO F23_S001_T5_SubscriptionPaymentHistory (TransactionID, SubscriptionID, PaidAmount) VALUES (31, 12, 12.01);
INSERT INTO F23_S001_T5_SubscriptionPaymentHistory (TransactionID, SubscriptionID, PaidAmount) VALUES (32, 28, 22.98);
INSERT INTO F23_S001_T5_SubscriptionPaymentHistory (TransactionID, SubscriptionID, PaidAmount) VALUES (33, 6, 44.38);
INSERT INTO F23_S001_T5_SubscriptionPaymentHistory (TransactionID, SubscriptionID, PaidAmount) VALUES (34, 27, 30.91);
INSERT INTO F23_S001_T5_SubscriptionPaymentHistory (TransactionID, SubscriptionID, PaidAmount) VALUES (35, 4, 46.28);
INSERT INTO F23_S001_T5_SubscriptionPaymentHistory (TransactionID, SubscriptionID, PaidAmount) VALUES (36, 4, 43.71);
INSERT INTO F23_S001_T5_SubscriptionPaymentHistory (TransactionID, SubscriptionID, PaidAmount) VALUES (37, 34, 21.93);
INSERT INTO F23_S001_T5_SubscriptionPaymentHistory (TransactionID, SubscriptionID, PaidAmount) VALUES (38, 31, 22.6);
INSERT INTO F23_S001_T5_SubscriptionPaymentHistory (TransactionID, SubscriptionID, PaidAmount) VALUES (39, 35, 11.78);
INSERT INTO F23_S001_T5_SubscriptionPaymentHistory (TransactionID, SubscriptionID, PaidAmount) VALUES (40, 33, 45.29);
INSERT INTO F23_S001_T5_SubscriptionPaymentHistory (TransactionID, SubscriptionID, PaidAmount) VALUES (41, 32, 30.53);
INSERT INTO F23_S001_T5_SubscriptionPaymentHistory (TransactionID, SubscriptionID, PaidAmount) VALUES (42, 37, 23.71);
INSERT INTO F23_S001_T5_SubscriptionPaymentHistory (TransactionID, SubscriptionID, PaidAmount) VALUES (43, 25, 26.96);
INSERT INTO F23_S001_T5_SubscriptionPaymentHistory (TransactionID, SubscriptionID, PaidAmount) VALUES (44, 28, 39.44);
INSERT INTO F23_S001_T5_SubscriptionPaymentHistory (TransactionID, SubscriptionID, PaidAmount) VALUES (45, 27, 45.75);
INSERT INTO F23_S001_T5_SubscriptionPaymentHistory (TransactionID, SubscriptionID, PaidAmount) VALUES (46, 18, 35.05);
INSERT INTO F23_S001_T5_SubscriptionPaymentHistory (TransactionID, SubscriptionID, PaidAmount) VALUES (47, 21, 34.5);
INSERT INTO F23_S001_T5_SubscriptionPaymentHistory (TransactionID, SubscriptionID, PaidAmount) VALUES (48, 27, 30.96);
INSERT INTO F23_S001_T5_SubscriptionPaymentHistory (TransactionID, SubscriptionID, PaidAmount) VALUES (49, 50, 40.11);
INSERT INTO F23_S001_T5_SubscriptionPaymentHistory (TransactionID, SubscriptionID, PaidAmount) VALUES (50, 23, 43.53);
INSERT INTO F23_S001_T5_SubscriptionBenefits (BenefitID, SubscriptionID, PremiumContent, CommunityConnect, Livestream) VALUES (1, 15, 'Full expert.', 'Spend financial.', 'Present movement.');
INSERT INTO F23_S001_T5_SubscriptionBenefits (BenefitID, SubscriptionID, PremiumContent, CommunityConnect, Livestream) VALUES (2, 38, 'Everything tell be.', 'Show although determine beyond.', 'Exactly end build.');
INSERT INTO F23_S001_T5_SubscriptionBenefits (BenefitID, SubscriptionID, PremiumContent, CommunityConnect, Livestream) VALUES (3, 25, 'Drop investment when.', 'Another ready same treatment.', 'Rate thus former.');
INSERT INTO F23_S001_T5_SubscriptionBenefits (BenefitID, SubscriptionID, PremiumContent, CommunityConnect, Livestream) VALUES (4, 25, 'Politics determine poor.', 'Character.', 'Bad interesting college.');
INSERT INTO F23_S001_T5_SubscriptionBenefits (BenefitID, SubscriptionID, PremiumContent, CommunityConnect, Livestream) VALUES (5, 20, 'Traditional game.', 'Ground light.', 'Woman focus news.');
INSERT INTO F23_S001_T5_SubscriptionBenefits (BenefitID, SubscriptionID, PremiumContent, CommunityConnect, Livestream) VALUES (6, 33, 'Ball cultural structure.', 'Also coach affect.', 'Same church theory.');
INSERT INTO F23_S001_T5_SubscriptionBenefits (BenefitID, SubscriptionID, PremiumContent, CommunityConnect, Livestream) VALUES (7, 2, 'Prove price argue.', 'Whose.', 'Ok evidence trip even.');
INSERT INTO F23_S001_T5_SubscriptionBenefits (BenefitID, SubscriptionID, PremiumContent, CommunityConnect, Livestream) VALUES (8, 36, 'Role night once.', 'Medical hard.', 'Effect.');
INSERT INTO F23_S001_T5_SubscriptionBenefits (BenefitID, SubscriptionID, PremiumContent, CommunityConnect, Livestream) VALUES (9, 36, 'Number meeting special.', 'Within particularly hour.', 'Identify.');
INSERT INTO F23_S001_T5_SubscriptionBenefits (BenefitID, SubscriptionID, PremiumContent, CommunityConnect, Livestream) VALUES (10, 16, 'Animal life.', 'Manager dog seek.', 'Each.');
INSERT INTO F23_S001_T5_SubscriptionBenefits (BenefitID, SubscriptionID, PremiumContent, CommunityConnect, Livestream) VALUES (11, 26, 'Seek idea.', 'Experience save.', 'As choose sign.');
INSERT INTO F23_S001_T5_SubscriptionBenefits (BenefitID, SubscriptionID, PremiumContent, CommunityConnect, Livestream) VALUES (12, 13, 'Mouth sure although.', 'From become nearly.', 'Figure assume war.');
INSERT INTO F23_S001_T5_SubscriptionBenefits (BenefitID, SubscriptionID, PremiumContent, CommunityConnect, Livestream) VALUES (13, 6, 'Building benefit but.', 'School.', 'Game chair glass.');
INSERT INTO F23_S001_T5_SubscriptionBenefits (BenefitID, SubscriptionID, PremiumContent, CommunityConnect, Livestream) VALUES (14, 44, 'Agree case.', 'Suddenly discussion.', 'Girl scientist grow.');
INSERT INTO F23_S001_T5_SubscriptionBenefits (BenefitID, SubscriptionID, PremiumContent, CommunityConnect, Livestream) VALUES (15, 41, 'Heart manager rich.', 'Term relate white.', 'Meeting consider huge.');
INSERT INTO F23_S001_T5_SubscriptionBenefits (BenefitID, SubscriptionID, PremiumContent, CommunityConnect, Livestream) VALUES (16, 16, 'Attorney million.', 'Word interest director.', 'Year mission.');
INSERT INTO F23_S001_T5_SubscriptionBenefits (BenefitID, SubscriptionID, PremiumContent, CommunityConnect, Livestream) VALUES (17, 23, 'Art.', 'Yourself plan choose central.', 'Congress hope.');
INSERT INTO F23_S001_T5_SubscriptionBenefits (BenefitID, SubscriptionID, PremiumContent, CommunityConnect, Livestream) VALUES (18, 13, 'Imagine check for.', 'His despite.', 'Have car care.');
INSERT INTO F23_S001_T5_SubscriptionBenefits (BenefitID, SubscriptionID, PremiumContent, CommunityConnect, Livestream) VALUES (19, 18, 'Economy.', 'School someone.', 'Human dog maintain.');
INSERT INTO F23_S001_T5_SubscriptionBenefits (BenefitID, SubscriptionID, PremiumContent, CommunityConnect, Livestream) VALUES (20, 35, 'Spring employee sport.', 'See.', 'North instead us real.');
INSERT INTO F23_S001_T5_SubscriptionBenefits (BenefitID, SubscriptionID, PremiumContent, CommunityConnect, Livestream) VALUES (21, 27, 'Republican treat sound.', 'Thank ok first.', 'Community.');
INSERT INTO F23_S001_T5_SubscriptionBenefits (BenefitID, SubscriptionID, PremiumContent, CommunityConnect, Livestream) VALUES (22, 43, 'Painting.', 'South face.', 'Modern decide.');
INSERT INTO F23_S001_T5_SubscriptionBenefits (BenefitID, SubscriptionID, PremiumContent, CommunityConnect, Livestream) VALUES (23, 31, 'Finish future.', 'Try shoulder visit.', 'Large who.');
INSERT INTO F23_S001_T5_SubscriptionBenefits (BenefitID, SubscriptionID, PremiumContent, CommunityConnect, Livestream) VALUES (24, 21, 'Account question strong.', 'Section film.', 'Factor quite yard second.');
INSERT INTO F23_S001_T5_SubscriptionBenefits (BenefitID, SubscriptionID, PremiumContent, CommunityConnect, Livestream) VALUES (25, 4, 'Cold top amount.', 'View should.', 'Leave four kid.');
INSERT INTO F23_S001_T5_SubscriptionBenefits (BenefitID, SubscriptionID, PremiumContent, CommunityConnect, Livestream) VALUES (26, 1, 'Forget contain.', 'If country order.', 'Change like community.');
INSERT INTO F23_S001_T5_SubscriptionBenefits (BenefitID, SubscriptionID, PremiumContent, CommunityConnect, Livestream) VALUES (27, 38, 'Trade bag information.', 'Save paper.', 'Best girl wish.');
INSERT INTO F23_S001_T5_SubscriptionBenefits (BenefitID, SubscriptionID, PremiumContent, CommunityConnect, Livestream) VALUES (28, 38, 'Into summer situation.', 'Edge around.', 'Hope already.');
INSERT INTO F23_S001_T5_SubscriptionBenefits (BenefitID, SubscriptionID, PremiumContent, CommunityConnect, Livestream) VALUES (29, 23, 'Eye describe subject.', 'People expect.', 'None usually Congress Mr.');
INSERT INTO F23_S001_T5_SubscriptionBenefits (BenefitID, SubscriptionID, PremiumContent, CommunityConnect, Livestream) VALUES (30, 30, 'Direction discussion.', 'Food receive.', 'Issue college only.');
INSERT INTO F23_S001_T5_SubscriptionBenefits (BenefitID, SubscriptionID, PremiumContent, CommunityConnect, Livestream) VALUES (31, 33, 'Particular admit TV.', 'Product effort travel.', 'Actually gas.');
INSERT INTO F23_S001_T5_SubscriptionBenefits (BenefitID, SubscriptionID, PremiumContent, CommunityConnect, Livestream) VALUES (32, 3, 'Amount shake peace.', 'Road at require.', 'Throughout.');
INSERT INTO F23_S001_T5_SubscriptionBenefits (BenefitID, SubscriptionID, PremiumContent, CommunityConnect, Livestream) VALUES (33, 39, 'Long professional wife.', 'Question.', 'Region her treatment.');
INSERT INTO F23_S001_T5_SubscriptionBenefits (BenefitID, SubscriptionID, PremiumContent, CommunityConnect, Livestream) VALUES (34, 36, 'Throughout near debate.', 'Civil drug.', 'Seat.');
INSERT INTO F23_S001_T5_SubscriptionBenefits (BenefitID, SubscriptionID, PremiumContent, CommunityConnect, Livestream) VALUES (35, 27, 'Former cell.', 'Call two oil.', 'Threat.');
INSERT INTO F23_S001_T5_SubscriptionBenefits (BenefitID, SubscriptionID, PremiumContent, CommunityConnect, Livestream) VALUES (36, 28, 'Bag meet three often.', 'Stand fast popular.', 'Pull good.');
INSERT INTO F23_S001_T5_SubscriptionBenefits (BenefitID, SubscriptionID, PremiumContent, CommunityConnect, Livestream) VALUES (37, 27, 'Kind degree.', 'Design officer bar involve.', 'Such your.');
INSERT INTO F23_S001_T5_SubscriptionBenefits (BenefitID, SubscriptionID, PremiumContent, CommunityConnect, Livestream) VALUES (38, 45, 'Themselves remain.', 'Land movement.', 'Million.');
INSERT INTO F23_S001_T5_SubscriptionBenefits (BenefitID, SubscriptionID, PremiumContent, CommunityConnect, Livestream) VALUES (39, 19, 'Single yes father.', 'Go the.', 'Woman.');
INSERT INTO F23_S001_T5_SubscriptionBenefits (BenefitID, SubscriptionID, PremiumContent, CommunityConnect, Livestream) VALUES (40, 18, 'Difference second interesting.', 'Capital particularly.', 'Increase he.');
INSERT INTO F23_S001_T5_SubscriptionBenefits (BenefitID, SubscriptionID, PremiumContent, CommunityConnect, Livestream) VALUES (41, 19, 'Soon north hard.', 'Minute anything.', 'Success minute without.');
INSERT INTO F23_S001_T5_SubscriptionBenefits (BenefitID, SubscriptionID, PremiumContent, CommunityConnect, Livestream) VALUES (42, 32, 'Approach stuff dinner.', 'This process throughout.', 'Base seven.');
INSERT INTO F23_S001_T5_SubscriptionBenefits (BenefitID, SubscriptionID, PremiumContent, CommunityConnect, Livestream) VALUES (43, 13, 'Support capital father.', 'Staff water natural.', 'Help themselves.');
INSERT INTO F23_S001_T5_SubscriptionBenefits (BenefitID, SubscriptionID, PremiumContent, CommunityConnect, Livestream) VALUES (44, 47, 'Bag middle those.', 'Official.', 'Rich tree.');
INSERT INTO F23_S001_T5_SubscriptionBenefits (BenefitID, SubscriptionID, PremiumContent, CommunityConnect, Livestream) VALUES (45, 19, 'Yeah.', 'Treatment attack.', 'Begin foreign.');
INSERT INTO F23_S001_T5_SubscriptionBenefits (BenefitID, SubscriptionID, PremiumContent, CommunityConnect, Livestream) VALUES (46, 42, 'Very citizen remain window.', 'General Congress.', 'Third lot ever.');
INSERT INTO F23_S001_T5_SubscriptionBenefits (BenefitID, SubscriptionID, PremiumContent, CommunityConnect, Livestream) VALUES (47, 29, 'Less red.', 'Enough.', 'Art our.');
INSERT INTO F23_S001_T5_SubscriptionBenefits (BenefitID, SubscriptionID, PremiumContent, CommunityConnect, Livestream) VALUES (48, 49, 'Individual here necessary.', 'Son firm ever.', 'Perhaps.');
INSERT INTO F23_S001_T5_SubscriptionBenefits (BenefitID, SubscriptionID, PremiumContent, CommunityConnect, Livestream) VALUES (49, 50, 'Than recognize wish.', 'Wish season already.', 'Could special.');
INSERT INTO F23_S001_T5_SubscriptionBenefits (BenefitID, SubscriptionID, PremiumContent, CommunityConnect, Livestream) VALUES (50, 15, 'Half bank.', 'Long various.', 'Buy.');
INSERT INTO F23_S001_T5_Admin (AdminID, Name, Email, AccessKey) VALUES (1, 'Matthew Tate', 'cjones@example.net', '8EGExore');
INSERT INTO F23_S001_T5_Admin (AdminID, Name, Email, AccessKey) VALUES (2, 'Alicia Jones', 'wgardner@example.net', 'z9PprXqN');
INSERT INTO F23_S001_T5_Admin (AdminID, Name, Email, AccessKey) VALUES (3, 'Adrian Moran PhD', 'richard20@example.net', '0lWLsAqG');
INSERT INTO F23_S001_T5_Admin (AdminID, Name, Email, AccessKey) VALUES (4, 'Katrina Parker', 'hammondrobert@example.com', 'S5JDWIkc');
INSERT INTO F23_S001_T5_Admin (AdminID, Name, Email, AccessKey) VALUES (5, 'Michael Scott', 'william16@example.com', '7PwcapwJ');
INSERT INTO F23_S001_T5_Admin (AdminID, Name, Email, AccessKey) VALUES (6, 'Jessica Lopez', 'dylan78@example.com', '0d8JkE1y');
INSERT INTO F23_S001_T5_Admin (AdminID, Name, Email, AccessKey) VALUES (7, 'Kayla Smith', 'ujones@example.com', 'sxr9CwER');
INSERT INTO F23_S001_T5_Admin (AdminID, Name, Email, AccessKey) VALUES (8, 'Wanda Harvey', 'richard80@example.net', 'qQ6v5P0q');
INSERT INTO F23_S001_T5_Admin (AdminID, Name, Email, AccessKey) VALUES (9, 'Taylor Tyler', 'traceyward@example.net', 'NX7ioFdd');
INSERT INTO F23_S001_T5_Admin (AdminID, Name, Email, AccessKey) VALUES (10, 'Susan Lang', 'canderson@example.net', '4F2ExbCe');
INSERT INTO F23_S001_T5_Admin (AdminID, Name, Email, AccessKey) VALUES (11, 'Adam Wilson', 'pamela29@example.org', '211tyGTg');
INSERT INTO F23_S001_T5_Admin (AdminID, Name, Email, AccessKey) VALUES (12, 'Deborah Sandoval', 'xjames@example.com', 'oZ31Rmo0');
INSERT INTO F23_S001_T5_Admin (AdminID, Name, Email, AccessKey) VALUES (13, 'Kathleen Mclaughlin', 'gomezroger@example.org', 'n1DJAgpd');
INSERT INTO F23_S001_T5_Admin (AdminID, Name, Email, AccessKey) VALUES (14, 'Ryan Boyd', 'sherrera@example.com', 'I7IO7DVe');
INSERT INTO F23_S001_T5_Admin (AdminID, Name, Email, AccessKey) VALUES (15, 'Melissa Snow', 'rwood@example.com', '1NScrIam');
INSERT INTO F23_S001_T5_Admin (AdminID, Name, Email, AccessKey) VALUES (16, 'Ryan Lewis', 'johnsonkeith@example.org', '1BJzBqng');
INSERT INTO F23_S001_T5_Admin (AdminID, Name, Email, AccessKey) VALUES (17, 'Drew Randall', 'rebecca92@example.com', 'T3IWfYvP');
INSERT INTO F23_S001_T5_Admin (AdminID, Name, Email, AccessKey) VALUES (18, 'David Nguyen', 'wjones@example.com', '0NOUThHj');
INSERT INTO F23_S001_T5_Admin (AdminID, Name, Email, AccessKey) VALUES (19, 'Richard Garcia', 'duncanmelissa@example.com', 'p3swfAOu');
INSERT INTO F23_S001_T5_Admin (AdminID, Name, Email, AccessKey) VALUES (20, 'Alicia Mason', 'owenslaura@example.com', 'p3iAGPov');
INSERT INTO F23_S001_T5_Admin (AdminID, Name, Email, AccessKey) VALUES (21, 'Michael Wright', 'claytonsalas@example.com', 'M8WXMoWl');
INSERT INTO F23_S001_T5_Admin (AdminID, Name, Email, AccessKey) VALUES (22, 'Joshua Robinson', 'lpearson@example.org', 'v79NnI4D');
INSERT INTO F23_S001_T5_Admin (AdminID, Name, Email, AccessKey) VALUES (23, 'Christina Gray', 'psherman@example.com', 'aC70kJfU');
INSERT INTO F23_S001_T5_Admin (AdminID, Name, Email, AccessKey) VALUES (24, 'Thomas Sanford', 'morrisryan@example.com', '0xAuhk3c');
INSERT INTO F23_S001_T5_Admin (AdminID, Name, Email, AccessKey) VALUES (25, 'Brian Evans', 'millerchris@example.org', 'Zu73NdBv');
INSERT INTO F23_S001_T5_Admin (AdminID, Name, Email, AccessKey) VALUES (26, 'Tiffany Richards', 'russorachel@example.com', 'w4GqTYgI');
INSERT INTO F23_S001_T5_Admin (AdminID, Name, Email, AccessKey) VALUES (27, 'Angel Walker', 'christopher08@example.net', 'I2LNDMcl');
INSERT INTO F23_S001_T5_Admin (AdminID, Name, Email, AccessKey) VALUES (28, 'Sarah Graham', 'npowers@example.net', 'I03YmJvA');
INSERT INTO F23_S001_T5_Admin (AdminID, Name, Email, AccessKey) VALUES (29, 'Anthony Flores', 'andersonmatthew@example.org', '2OWZjwpa');
INSERT INTO F23_S001_T5_Admin (AdminID, Name, Email, AccessKey) VALUES (30, 'Richard Hale', 'karenjackson@example.net', '3QhGImkw');
INSERT INTO F23_S001_T5_Admin (AdminID, Name, Email, AccessKey) VALUES (31, 'John Whitaker', 'henrybenjamin@example.org', 'Z8AuGMqh');
INSERT INTO F23_S001_T5_Admin (AdminID, Name, Email, AccessKey) VALUES (32, 'Peter Kennedy', 'andrewflores@example.net', '7wuOav21');
INSERT INTO F23_S001_T5_Admin (AdminID, Name, Email, AccessKey) VALUES (33, 'Elizabeth Davis', 'ybaker@example.org', '1feDUgAm');
INSERT INTO F23_S001_T5_Admin (AdminID, Name, Email, AccessKey) VALUES (34, 'Cassandra Wright', 'whitney48@example.org', 'lM8RFHka');
INSERT INTO F23_S001_T5_Admin (AdminID, Name, Email, AccessKey) VALUES (35, 'Richard Diaz', 'jonesjennifer@example.org', 'bxh1OFmx');
INSERT INTO F23_S001_T5_Admin (AdminID, Name, Email, AccessKey) VALUES (36, 'Bryan Rogers', 'jennifer59@example.com', '55HuscuG');
INSERT INTO F23_S001_T5_Admin (AdminID, Name, Email, AccessKey) VALUES (37, 'Sarah Peterson', 'hnichols@example.net', 'xFK8NiYN');
INSERT INTO F23_S001_T5_Admin (AdminID, Name, Email, AccessKey) VALUES (38, 'Kenneth Evans', 'gabriellereid@example.org', 'g7tNuVEq');
INSERT INTO F23_S001_T5_Admin (AdminID, Name, Email, AccessKey) VALUES (39, 'Lori Stevens', 'reevesalexis@example.com', 'Y6s8Yti8');
INSERT INTO F23_S001_T5_Admin (AdminID, Name, Email, AccessKey) VALUES (40, 'Christine Dunn', 'andrewbaker@example.org', 'Kk76ZhBo');
INSERT INTO F23_S001_T5_Admin (AdminID, Name, Email, AccessKey) VALUES (41, 'Lori Walsh', 'arthur65@example.org', '3RPDGGtb');
INSERT INTO F23_S001_T5_Admin (AdminID, Name, Email, AccessKey) VALUES (42, 'Dr. John Jensen', 'michellegonzales@example.net', '7zQEDloc');
INSERT INTO F23_S001_T5_Admin (AdminID, Name, Email, AccessKey) VALUES (43, 'Claudia Pearson', 'brookskimberly@example.com', 'Xx3UHpGq');
INSERT INTO F23_S001_T5_Admin (AdminID, Name, Email, AccessKey) VALUES (44, 'John Harrison', 'wellsheather@example.com', '4AElChsH');
INSERT INTO F23_S001_T5_Admin (AdminID, Name, Email, AccessKey) VALUES (45, 'Heather Moore', 'elizabethgarcia@example.net', '0Vq31cg7');
INSERT INTO F23_S001_T5_Admin (AdminID, Name, Email, AccessKey) VALUES (46, 'Ethan Lopez', 'kallen@example.net', '9AI1g1WO');
INSERT INTO F23_S001_T5_Admin (AdminID, Name, Email, AccessKey) VALUES (47, 'Vanessa Rice', 'allisonrodriguez@example.org', 'gI08Sjin');
INSERT INTO F23_S001_T5_Admin (AdminID, Name, Email, AccessKey) VALUES (48, 'Garrett Ewing', 'hannah32@example.net', 'L2QdhtGF');
INSERT INTO F23_S001_T5_Admin (AdminID, Name, Email, AccessKey) VALUES (49, 'Christine Hodges', 'douglas74@example.org', 'h1GGZGpt');
INSERT INTO F23_S001_T5_Admin (AdminID, Name, Email, AccessKey) VALUES (50, 'Rodney Smith', 'savannahshah@example.com', '29EzOyVd');
INSERT INTO F23_S001_T5_SeriesDistributor (SeriesDistributorID, Name, Email, Salary, ContractDuration, AdminID) VALUES (1, 'Kim Mendez', 'lbaker@example.org', 37053.1, 30, 46);
INSERT INTO F23_S001_T5_SeriesDistributor (SeriesDistributorID, Name, Email, Salary, ContractDuration, AdminID) VALUES (2, 'Melissa Barajas', 'gonzalezedward@example.com', 49839.04, 21, 48);
INSERT INTO F23_S001_T5_SeriesDistributor (SeriesDistributorID, Name, Email, Salary, ContractDuration, AdminID) VALUES (3, 'Robert Anderson', 'williamsonruth@example.org', 57475.64, 11, 27);
INSERT INTO F23_S001_T5_SeriesDistributor (SeriesDistributorID, Name, Email, Salary, ContractDuration, AdminID) VALUES (4, 'Brenda Smith', 'ycoleman@example.com', 51995.42, 15, 14);
INSERT INTO F23_S001_T5_SeriesDistributor (SeriesDistributorID, Name, Email, Salary, ContractDuration, AdminID) VALUES (5, 'Samantha Robinson', 'zalexander@example.org', 68638.53, 21, 49);
INSERT INTO F23_S001_T5_SeriesDistributor (SeriesDistributorID, Name, Email, Salary, ContractDuration, AdminID) VALUES (6, 'Michael Manning', 'iherrera@example.org', 34457.81, 9, 2);
INSERT INTO F23_S001_T5_SeriesDistributor (SeriesDistributorID, Name, Email, Salary, ContractDuration, AdminID) VALUES (7, 'Kimberly Rivera', 'tgraves@example.net', 54339.3, 20, 32);
INSERT INTO F23_S001_T5_SeriesDistributor (SeriesDistributorID, Name, Email, Salary, ContractDuration, AdminID) VALUES (8, 'Rachel Simmons', 'jnichols@example.com', 65595.19, 21, 36);
INSERT INTO F23_S001_T5_SeriesDistributor (SeriesDistributorID, Name, Email, Salary, ContractDuration, AdminID) VALUES (9, 'Troy Gilmore', 'westderrick@example.net', 79130.04, 17, 21);
INSERT INTO F23_S001_T5_SeriesDistributor (SeriesDistributorID, Name, Email, Salary, ContractDuration, AdminID) VALUES (10, 'Ashley Carpenter', 'turnerchristopher@example.org', 62921.49, 33, 14);
INSERT INTO F23_S001_T5_SeriesDistributor (SeriesDistributorID, Name, Email, Salary, ContractDuration, AdminID) VALUES (11, 'Emma Rogers', 'carrillojill@example.net', 55422.39, 8, 1);
INSERT INTO F23_S001_T5_SeriesDistributor (SeriesDistributorID, Name, Email, Salary, ContractDuration, AdminID) VALUES (12, 'Mark Davis', 'jeremycervantes@example.org', 59610.96, 20, 26);
INSERT INTO F23_S001_T5_SeriesDistributor (SeriesDistributorID, Name, Email, Salary, ContractDuration, AdminID) VALUES (13, 'Tyler Vance', 'bcasey@example.org', 59323.7, 19, 48);
INSERT INTO F23_S001_T5_SeriesDistributor (SeriesDistributorID, Name, Email, Salary, ContractDuration, AdminID) VALUES (14, 'Jennifer Johnson', 'ryanburch@example.com', 40112.23, 8, 7);
INSERT INTO F23_S001_T5_SeriesDistributor (SeriesDistributorID, Name, Email, Salary, ContractDuration, AdminID) VALUES (15, 'Amanda Chavez', 'kimsaunders@example.net', 78874.4, 11, 7);
INSERT INTO F23_S001_T5_SeriesDistributor (SeriesDistributorID, Name, Email, Salary, ContractDuration, AdminID) VALUES (16, 'Cesar Gonzalez', 'maurice29@example.org', 36138.03, 36, 12);
INSERT INTO F23_S001_T5_SeriesDistributor (SeriesDistributorID, Name, Email, Salary, ContractDuration, AdminID) VALUES (17, 'David Williams', 'washingtontaylor@example.com', 49643.14, 14, 34);
INSERT INTO F23_S001_T5_SeriesDistributor (SeriesDistributorID, Name, Email, Salary, ContractDuration, AdminID) VALUES (18, 'Taylor Sullivan', 'jeremymurphy@example.com', 41868.99, 35, 31);
INSERT INTO F23_S001_T5_SeriesDistributor (SeriesDistributorID, Name, Email, Salary, ContractDuration, AdminID) VALUES (19, 'Scott Fernandez', 'andrewmcdaniel@example.org', 51457.0, 32, 6);
INSERT INTO F23_S001_T5_SeriesDistributor (SeriesDistributorID, Name, Email, Salary, ContractDuration, AdminID) VALUES (20, 'Claudia Tran', 'mackenziemathews@example.com', 56870.21, 27, 20);
INSERT INTO F23_S001_T5_SeriesDistributor (SeriesDistributorID, Name, Email, Salary, ContractDuration, AdminID) VALUES (21, 'Sandra Good', 'ecross@example.org', 62289.19, 6, 4);
INSERT INTO F23_S001_T5_SeriesDistributor (SeriesDistributorID, Name, Email, Salary, ContractDuration, AdminID) VALUES (22, 'Kimberly Wilson', 'theresa71@example.org', 79823.59, 22, 20);
INSERT INTO F23_S001_T5_SeriesDistributor (SeriesDistributorID, Name, Email, Salary, ContractDuration, AdminID) VALUES (23, 'Robert Aguilar', 'deborah13@example.net', 44448.36, 34, 29);
INSERT INTO F23_S001_T5_SeriesDistributor (SeriesDistributorID, Name, Email, Salary, ContractDuration, AdminID) VALUES (24, 'Tammy Espinoza', 'tina28@example.net', 66542.08, 12, 18);
INSERT INTO F23_S001_T5_SeriesDistributor (SeriesDistributorID, Name, Email, Salary, ContractDuration, AdminID) VALUES (25, 'Christine Weiss', 'klong@example.com', 72112.73, 31, 17);
INSERT INTO F23_S001_T5_SeriesDistributor (SeriesDistributorID, Name, Email, Salary, ContractDuration, AdminID) VALUES (26, 'Kimberly Jackson', 'chavezstacy@example.org', 74181.83, 6, 28);
INSERT INTO F23_S001_T5_SeriesDistributor (SeriesDistributorID, Name, Email, Salary, ContractDuration, AdminID) VALUES (27, 'Matthew Cherry', 'devon33@example.org', 61905.33, 24, 25);
INSERT INTO F23_S001_T5_SeriesDistributor (SeriesDistributorID, Name, Email, Salary, ContractDuration, AdminID) VALUES (28, 'Carol Sanders', 'laneadrienne@example.net', 56079.23, 11, 14);
INSERT INTO F23_S001_T5_SeriesDistributor (SeriesDistributorID, Name, Email, Salary, ContractDuration, AdminID) VALUES (29, 'Brittany Allen', 'tlarson@example.com', 31288.01, 11, 46);
INSERT INTO F23_S001_T5_SeriesDistributor (SeriesDistributorID, Name, Email, Salary, ContractDuration, AdminID) VALUES (30, 'Robert Torres', 'matthewowens@example.com', 53914.93, 11, 24);
INSERT INTO F23_S001_T5_SeriesDistributor (SeriesDistributorID, Name, Email, Salary, ContractDuration, AdminID) VALUES (31, 'Brandon Williams', 'audreykennedy@example.com', 76481.87, 25, 18);
INSERT INTO F23_S001_T5_SeriesDistributor (SeriesDistributorID, Name, Email, Salary, ContractDuration, AdminID) VALUES (32, 'Theresa Peterson', 'jdaugherty@example.org', 57751.96, 24, 37);
INSERT INTO F23_S001_T5_SeriesDistributor (SeriesDistributorID, Name, Email, Salary, ContractDuration, AdminID) VALUES (33, 'Joseph Dixon', 'john28@example.org', 30616.65, 14, 29);
INSERT INTO F23_S001_T5_SeriesDistributor (SeriesDistributorID, Name, Email, Salary, ContractDuration, AdminID) VALUES (34, 'Robert Jimenez', 'jacksonisaac@example.org', 33220.79, 9, 30);
INSERT INTO F23_S001_T5_SeriesDistributor (SeriesDistributorID, Name, Email, Salary, ContractDuration, AdminID) VALUES (35, 'Stephanie Smith', 'ojoyce@example.com', 56339.2, 18, 25);
INSERT INTO F23_S001_T5_SeriesDistributor (SeriesDistributorID, Name, Email, Salary, ContractDuration, AdminID) VALUES (36, 'Nicole Moore', 'rick50@example.org', 56400.37, 36, 9);
INSERT INTO F23_S001_T5_SeriesDistributor (SeriesDistributorID, Name, Email, Salary, ContractDuration, AdminID) VALUES (37, 'Jennifer Murphy', 'charlespollard@example.org', 50547.98, 31, 38);
INSERT INTO F23_S001_T5_SeriesDistributor (SeriesDistributorID, Name, Email, Salary, ContractDuration, AdminID) VALUES (38, 'Christopher Anderson', 'mccallricky@example.net', 60407.17, 23, 17);
INSERT INTO F23_S001_T5_SeriesDistributor (SeriesDistributorID, Name, Email, Salary, ContractDuration, AdminID) VALUES (39, 'Elaine White', 'drodriguez@example.org', 46811.61, 10, 32);
INSERT INTO F23_S001_T5_SeriesDistributor (SeriesDistributorID, Name, Email, Salary, ContractDuration, AdminID) VALUES (40, 'Dale Castillo', 'whiteshannon@example.net', 65303.13, 22, 39);
INSERT INTO F23_S001_T5_SeriesDistributor (SeriesDistributorID, Name, Email, Salary, ContractDuration, AdminID) VALUES (41, 'Nathaniel Boyd', 'zcollins@example.org', 37096.86, 16, 26);
INSERT INTO F23_S001_T5_SeriesDistributor (SeriesDistributorID, Name, Email, Salary, ContractDuration, AdminID) VALUES (42, 'Zachary Lewis', 'ashleyaaron@example.com', 67532.34, 15, 7);
INSERT INTO F23_S001_T5_SeriesDistributor (SeriesDistributorID, Name, Email, Salary, ContractDuration, AdminID) VALUES (43, 'Chloe Graham', 'mnavarro@example.org', 70566.53, 20, 31);
INSERT INTO F23_S001_T5_SeriesDistributor (SeriesDistributorID, Name, Email, Salary, ContractDuration, AdminID) VALUES (44, 'Lisa Wilson', 'blackbrett@example.com', 66547.62, 12, 10);
INSERT INTO F23_S001_T5_SeriesDistributor (SeriesDistributorID, Name, Email, Salary, ContractDuration, AdminID) VALUES (45, 'John Mcdonald', 'johncox@example.org', 67340.54, 14, 48);
INSERT INTO F23_S001_T5_SeriesDistributor (SeriesDistributorID, Name, Email, Salary, ContractDuration, AdminID) VALUES (46, 'Kayla Lindsey', 'matthew43@example.net', 63683.28, 28, 8);
INSERT INTO F23_S001_T5_SeriesDistributor (SeriesDistributorID, Name, Email, Salary, ContractDuration, AdminID) VALUES (47, 'Nathaniel Hoover', 'qfoster@example.org', 78626.05, 22, 14);
INSERT INTO F23_S001_T5_SeriesDistributor (SeriesDistributorID, Name, Email, Salary, ContractDuration, AdminID) VALUES (48, 'Timothy Jackson', 'christophergriffith@example.com', 61087.74, 22, 25);
INSERT INTO F23_S001_T5_SeriesDistributor (SeriesDistributorID, Name, Email, Salary, ContractDuration, AdminID) VALUES (49, 'Jesus Hansen', 'johnsontracy@example.org', 73871.58, 29, 8);
INSERT INTO F23_S001_T5_SeriesDistributor (SeriesDistributorID, Name, Email, Salary, ContractDuration, AdminID) VALUES (50, 'Sarah Austin', 'brooke91@example.org', 53987.18, 26, 38);
INSERT INTO F23_S001_T5_Media (ContentID, Title, ReleaseDate, Duration, Views, Genre, Language, SeriesID, AdminID, SubscriptionID) VALUES (1, 'Model me.', TO_DATE('2019-03-02', 'YYYY-MM-DD'), 160, 2661, 'Action', 'English', 46, 45, 14);
INSERT INTO F23_S001_T5_Media (ContentID, Title, ReleaseDate, Duration, Views, Genre, Language, SeriesID, AdminID, SubscriptionID) VALUES (2, 'Attention thus hot.', TO_DATE('2021-08-16', 'YYYY-MM-DD'), 96, 61343, 'Action', 'Spanish', 41, 2, 17);
INSERT INTO F23_S001_T5_Media (ContentID, Title, ReleaseDate, Duration, Views, Genre, Language, SeriesID, AdminID, SubscriptionID) VALUES (3, 'Trip man.', TO_DATE('2023-01-16', 'YYYY-MM-DD'), 101, 9156, 'Drama', 'Korean', 46, 8, 26);
INSERT INTO F23_S001_T5_Media (ContentID, Title, ReleaseDate, Duration, Views, Genre, Language, SeriesID, AdminID, SubscriptionID) VALUES (4, 'To professional.', TO_DATE('2019-07-04', 'YYYY-MM-DD'), 86, 82349, 'Horror', 'Korean', 44, 12, 15);
INSERT INTO F23_S001_T5_Media (ContentID, Title, ReleaseDate, Duration, Views, Genre, Language, SeriesID, AdminID, SubscriptionID) VALUES (5, 'Nice common.', TO_DATE('2018-11-26', 'YYYY-MM-DD'), 77, 95581, 'Fantasy', 'English', 43, 38, 46);
INSERT INTO F23_S001_T5_Media (ContentID, Title, ReleaseDate, Duration, Views, Genre, Language, SeriesID, AdminID, SubscriptionID) VALUES (6, 'Painting wear poor.', TO_DATE('2022-07-21', 'YYYY-MM-DD'), 112, 22700, 'Thriller', 'English', 49, 37, 9);
INSERT INTO F23_S001_T5_Media (ContentID, Title, ReleaseDate, Duration, Views, Genre, Language, SeriesID, AdminID, SubscriptionID) VALUES (7, 'Resource program defense.', TO_DATE('2023-05-20', 'YYYY-MM-DD'), 84, 34606, 'Drama', 'Korean', 32, 36, 8);
INSERT INTO F23_S001_T5_Media (ContentID, Title, ReleaseDate, Duration, Views, Genre, Language, SeriesID, AdminID, SubscriptionID) VALUES (8, 'Remain for base.', TO_DATE('2021-09-23', 'YYYY-MM-DD'), 69, 47395, 'Drama', 'Korean', 29, 19, 27);
INSERT INTO F23_S001_T5_Media (ContentID, Title, ReleaseDate, Duration, Views, Genre, Language, SeriesID, AdminID, SubscriptionID) VALUES (9, 'Star shake stage.', TO_DATE('2019-09-25', 'YYYY-MM-DD'), 165, 66708, 'Thriller', 'Korean', 7, 4, 12);
INSERT INTO F23_S001_T5_Media (ContentID, Title, ReleaseDate, Duration, Views, Genre, Language, SeriesID, AdminID, SubscriptionID) VALUES (10, 'Reveal page at.', TO_DATE('2022-08-28', 'YYYY-MM-DD'), 71, 71487, 'Thriller', 'Spanish', 48, 32, 27);
INSERT INTO F23_S001_T5_Media (ContentID, Title, ReleaseDate, Duration, Views, Genre, Language, SeriesID, AdminID, SubscriptionID) VALUES (11, 'Political computer ready.', TO_DATE('2019-07-23', 'YYYY-MM-DD'), 155, 4013, 'Comedy', 'Korean', 3, 12, 32);
INSERT INTO F23_S001_T5_Media (ContentID, Title, ReleaseDate, Duration, Views, Genre, Language, SeriesID, AdminID, SubscriptionID) VALUES (12, 'Past move.', TO_DATE('2020-03-09', 'YYYY-MM-DD'), 73, 59246, 'Horror', 'Korean', 41, 15, 46);
INSERT INTO F23_S001_T5_Media (ContentID, Title, ReleaseDate, Duration, Views, Genre, Language, SeriesID, AdminID, SubscriptionID) VALUES (13, 'Member ask know.', TO_DATE('2023-03-07', 'YYYY-MM-DD'), 139, 21736, 'Drama', 'Chinese', 5, 5, 40);
INSERT INTO F23_S001_T5_Media (ContentID, Title, ReleaseDate, Duration, Views, Genre, Language, SeriesID, AdminID, SubscriptionID) VALUES (14, 'Painting big.', TO_DATE('2023-01-13', 'YYYY-MM-DD'), 180, 65438, 'Horror', 'English', 8, 42, 15);
INSERT INTO F23_S001_T5_Media (ContentID, Title, ReleaseDate, Duration, Views, Genre, Language, SeriesID, AdminID, SubscriptionID) VALUES (15, 'Unit throw.', TO_DATE('2019-06-12', 'YYYY-MM-DD'), 166, 70593, 'Action', 'English', 15, 46, 13);
INSERT INTO F23_S001_T5_Media (ContentID, Title, ReleaseDate, Duration, Views, Genre, Language, SeriesID, AdminID, SubscriptionID) VALUES (16, 'Which memory.', TO_DATE('2022-01-26', 'YYYY-MM-DD'), 92, 33736, 'Action', 'English', 5, 40, 2);
INSERT INTO F23_S001_T5_Media (ContentID, Title, ReleaseDate, Duration, Views, Genre, Language, SeriesID, AdminID, SubscriptionID) VALUES (17, 'Individual deep indeed.', TO_DATE('2023-08-24', 'YYYY-MM-DD'), 136, 19936, 'Fantasy', 'English', 42, 6, 10);
INSERT INTO F23_S001_T5_Media (ContentID, Title, ReleaseDate, Duration, Views, Genre, Language, SeriesID, AdminID, SubscriptionID) VALUES (18, 'Discuss out become.', TO_DATE('2021-05-09', 'YYYY-MM-DD'), 164, 46241, 'Horror', 'Korean', 11, 49, 33);
INSERT INTO F23_S001_T5_Media (ContentID, Title, ReleaseDate, Duration, Views, Genre, Language, SeriesID, AdminID, SubscriptionID) VALUES (19, 'Contain way.', TO_DATE('2020-02-20', 'YYYY-MM-DD'), 158, 29362, 'Drama', 'English', 12, 36, 22);
INSERT INTO F23_S001_T5_Media (ContentID, Title, ReleaseDate, Duration, Views, Genre, Language, SeriesID, AdminID, SubscriptionID) VALUES (20, 'East travel early.', TO_DATE('2023-03-14', 'YYYY-MM-DD'), 82, 38940, 'Romance', 'Spanish', 27, 42, 7);
INSERT INTO F23_S001_T5_Media (ContentID, Title, ReleaseDate, Duration, Views, Genre, Language, SeriesID, AdminID, SubscriptionID) VALUES (21, 'Authority focus.', TO_DATE('2020-09-25', 'YYYY-MM-DD'), 152, 29896, 'Fantasy', 'English', 1, 8, 8);
INSERT INTO F23_S001_T5_Media (ContentID, Title, ReleaseDate, Duration, Views, Genre, Language, SeriesID, AdminID, SubscriptionID) VALUES (22, 'Lot degree.', TO_DATE('2023-10-02', 'YYYY-MM-DD'), 93, 19081, 'Comedy', 'English', 34, 12, 11);
INSERT INTO F23_S001_T5_Media (ContentID, Title, ReleaseDate, Duration, Views, Genre, Language, SeriesID, AdminID, SubscriptionID) VALUES (23, 'Only so.', TO_DATE('2021-01-16', 'YYYY-MM-DD'), 125, 19553, 'Action', 'Chinese', 27, 32, 30);
INSERT INTO F23_S001_T5_Media (ContentID, Title, ReleaseDate, Duration, Views, Genre, Language, SeriesID, AdminID, SubscriptionID) VALUES (24, 'Southern material likely her.', TO_DATE('2023-05-22', 'YYYY-MM-DD'), 154, 95029, 'Comedy', 'Chinese', 31, 33, 3);
INSERT INTO F23_S001_T5_Media (ContentID, Title, ReleaseDate, Duration, Views, Genre, Language, SeriesID, AdminID, SubscriptionID) VALUES (25, 'Wrong test project.', TO_DATE('2020-09-19', 'YYYY-MM-DD'), 107, 65351, 'Horror', 'Chinese', 37, 24, 23);
INSERT INTO F23_S001_T5_Media (ContentID, Title, ReleaseDate, Duration, Views, Genre, Language, SeriesID, AdminID, SubscriptionID) VALUES (26, 'West southern.', TO_DATE('2019-01-14', 'YYYY-MM-DD'), 159, 42225, 'Horror', 'Korean', 28, 30, 13);
INSERT INTO F23_S001_T5_Media (ContentID, Title, ReleaseDate, Duration, Views, Genre, Language, SeriesID, AdminID, SubscriptionID) VALUES (27, 'My center Mrs.', TO_DATE('2022-01-10', 'YYYY-MM-DD'), 125, 13801, 'Horror', 'Chinese', 46, 48, 11);
INSERT INTO F23_S001_T5_Media (ContentID, Title, ReleaseDate, Duration, Views, Genre, Language, SeriesID, AdminID, SubscriptionID) VALUES (28, 'International detail glass.', TO_DATE('2022-06-21', 'YYYY-MM-DD'), 175, 15024, 'Horror', 'Spanish', 15, 30, 27);
INSERT INTO F23_S001_T5_Media (ContentID, Title, ReleaseDate, Duration, Views, Genre, Language, SeriesID, AdminID, SubscriptionID) VALUES (29, 'Task head.', TO_DATE('2022-09-13', 'YYYY-MM-DD'), 87, 66478, 'Action', 'English', 13, 30, 13);
INSERT INTO F23_S001_T5_Media (ContentID, Title, ReleaseDate, Duration, Views, Genre, Language, SeriesID, AdminID, SubscriptionID) VALUES (30, 'Month purpose.', TO_DATE('2022-02-23', 'YYYY-MM-DD'), 141, 46216, 'Thriller', 'Chinese', 12, 23, 34);
INSERT INTO F23_S001_T5_Media (ContentID, Title, ReleaseDate, Duration, Views, Genre, Language, SeriesID, AdminID, SubscriptionID) VALUES (31, 'Pattern message.', TO_DATE('2023-03-12', 'YYYY-MM-DD'), 136, 12933, 'Comedy', 'English', 17, 24, 9);
INSERT INTO F23_S001_T5_Media (ContentID, Title, ReleaseDate, Duration, Views, Genre, Language, SeriesID, AdminID, SubscriptionID) VALUES (32, 'Ten situation happy.', TO_DATE('2019-07-30', 'YYYY-MM-DD'), 104, 56834, 'Action', 'English', 35, 36, 38);
INSERT INTO F23_S001_T5_Media (ContentID, Title, ReleaseDate, Duration, Views, Genre, Language, SeriesID, AdminID, SubscriptionID) VALUES (33, 'Right than.', TO_DATE('2021-07-28', 'YYYY-MM-DD'), 153, 18945, 'Thriller', 'Spanish', 34, 7, 4);
INSERT INTO F23_S001_T5_Media (ContentID, Title, ReleaseDate, Duration, Views, Genre, Language, SeriesID, AdminID, SubscriptionID) VALUES (34, 'Anyone either soon.', TO_DATE('2022-05-13', 'YYYY-MM-DD'), 103, 73459, 'Comedy', 'Chinese', 29, 15, 13);
INSERT INTO F23_S001_T5_Media (ContentID, Title, ReleaseDate, Duration, Views, Genre, Language, SeriesID, AdminID, SubscriptionID) VALUES (35, 'Choose identify run.', TO_DATE('2019-09-01', 'YYYY-MM-DD'), 114, 8633, 'Thriller', 'English', 44, 12, 8);
INSERT INTO F23_S001_T5_Media (ContentID, Title, ReleaseDate, Duration, Views, Genre, Language, SeriesID, AdminID, SubscriptionID) VALUES (36, 'Page.', TO_DATE('2020-02-11', 'YYYY-MM-DD'), 122, 60437, 'Horror', 'English', 19, 24, 27);
INSERT INTO F23_S001_T5_Media (ContentID, Title, ReleaseDate, Duration, Views, Genre, Language, SeriesID, AdminID, SubscriptionID) VALUES (37, 'Music sense material.', TO_DATE('2020-10-18', 'YYYY-MM-DD'), 114, 20039, 'Drama', 'Spanish', 1, 15, 31);
INSERT INTO F23_S001_T5_Media (ContentID, Title, ReleaseDate, Duration, Views, Genre, Language, SeriesID, AdminID, SubscriptionID) VALUES (38, 'Natural production.', TO_DATE('2022-02-28', 'YYYY-MM-DD'), 180, 65167, 'Thriller', 'English', 18, 3, 10);
INSERT INTO F23_S001_T5_Media (ContentID, Title, ReleaseDate, Duration, Views, Genre, Language, SeriesID, AdminID, SubscriptionID) VALUES (39, 'Dinner enjoy picture.', TO_DATE('2022-08-21', 'YYYY-MM-DD'), 133, 83349, 'Action', 'Chinese', 20, 36, 37);
INSERT INTO F23_S001_T5_Media (ContentID, Title, ReleaseDate, Duration, Views, Genre, Language, SeriesID, AdminID, SubscriptionID) VALUES (40, 'Year hot church.', TO_DATE('2021-03-04', 'YYYY-MM-DD'), 159, 37621, 'Horror', 'Chinese', 7, 31, 50);
INSERT INTO F23_S001_T5_Media (ContentID, Title, ReleaseDate, Duration, Views, Genre, Language, SeriesID, AdminID, SubscriptionID) VALUES (41, 'Training drug.', TO_DATE('2021-12-02', 'YYYY-MM-DD'), 79, 3397, 'Romance', 'English', 45, 39, 44);
INSERT INTO F23_S001_T5_Media (ContentID, Title, ReleaseDate, Duration, Views, Genre, Language, SeriesID, AdminID, SubscriptionID) VALUES (42, 'Near final international.', TO_DATE('2020-01-26', 'YYYY-MM-DD'), 85, 85325, 'Fantasy', 'Chinese', 5, 15, 43);
INSERT INTO F23_S001_T5_Media (ContentID, Title, ReleaseDate, Duration, Views, Genre, Language, SeriesID, AdminID, SubscriptionID) VALUES (43, 'Half off successful.', TO_DATE('2020-01-08', 'YYYY-MM-DD'), 93, 48600, 'Horror', 'English', 36, 46, 33);
INSERT INTO F23_S001_T5_Media (ContentID, Title, ReleaseDate, Duration, Views, Genre, Language, SeriesID, AdminID, SubscriptionID) VALUES (44, 'Message this view.', TO_DATE('2023-05-02', 'YYYY-MM-DD'), 112, 51207, 'Thriller', 'Spanish', 35, 15, 28);
INSERT INTO F23_S001_T5_Media (ContentID, Title, ReleaseDate, Duration, Views, Genre, Language, SeriesID, AdminID, SubscriptionID) VALUES (45, 'Nature last though.', TO_DATE('2019-09-30', 'YYYY-MM-DD'), 70, 55882, 'Horror', 'English', 7, 26, 44);
INSERT INTO F23_S001_T5_Media (ContentID, Title, ReleaseDate, Duration, Views, Genre, Language, SeriesID, AdminID, SubscriptionID) VALUES (46, 'Present reduce.', TO_DATE('2022-10-20', 'YYYY-MM-DD'), 97, 42334, 'Horror', 'Korean', 26, 39, 41);
INSERT INTO F23_S001_T5_Media (ContentID, Title, ReleaseDate, Duration, Views, Genre, Language, SeriesID, AdminID, SubscriptionID) VALUES (47, 'Art catch.', TO_DATE('2022-10-08', 'YYYY-MM-DD'), 103, 91981, 'Fantasy', 'Spanish', 24, 41, 15);
INSERT INTO F23_S001_T5_Media (ContentID, Title, ReleaseDate, Duration, Views, Genre, Language, SeriesID, AdminID, SubscriptionID) VALUES (48, 'Less provide.', TO_DATE('2023-03-04', 'YYYY-MM-DD'), 101, 77363, 'Comedy', 'Spanish', 39, 48, 44);
INSERT INTO F23_S001_T5_Media (ContentID, Title, ReleaseDate, Duration, Views, Genre, Language, SeriesID, AdminID, SubscriptionID) VALUES (49, 'Knowledge your.', TO_DATE('2023-10-23', 'YYYY-MM-DD'), 98, 15751, 'Comedy', 'Spanish', 35, 4, 16);
INSERT INTO F23_S001_T5_Media (ContentID, Title, ReleaseDate, Duration, Views, Genre, Language, SeriesID, AdminID, SubscriptionID) VALUES (50, 'Next throw present.', TO_DATE('2020-12-28', 'YYYY-MM-DD'), 153, 88834, 'Horror', 'Chinese', 35, 2, 50);
INSERT INTO F23_S001_T5_Watches (StudentID, ContentID) VALUES (4, 2);
INSERT INTO F23_S001_T5_Watches (StudentID, ContentID) VALUES (12, 1);
INSERT INTO F23_S001_T5_Watches (StudentID, ContentID) VALUES (37, 49);
INSERT INTO F23_S001_T5_Watches (StudentID, ContentID) VALUES (27, 24);
INSERT INTO F23_S001_T5_Watches (StudentID, ContentID) VALUES (23, 43);
INSERT INTO F23_S001_T5_Watches (StudentID, ContentID) VALUES (34, 34);
INSERT INTO F23_S001_T5_Watches (StudentID, ContentID) VALUES (34, 12);
INSERT INTO F23_S001_T5_Watches (StudentID, ContentID) VALUES (8, 33);
INSERT INTO F23_S001_T5_Watches (StudentID, ContentID) VALUES (49, 12);
INSERT INTO F23_S001_T5_Watches (StudentID, ContentID) VALUES (2, 12);
INSERT INTO F23_S001_T5_Watches (StudentID, ContentID) VALUES (30, 8);
INSERT INTO F23_S001_T5_Watches (StudentID, ContentID) VALUES (46, 26);
INSERT INTO F23_S001_T5_Watches (StudentID, ContentID) VALUES (43, 17);
INSERT INTO F23_S001_T5_Watches (StudentID, ContentID) VALUES (46, 41);
INSERT INTO F23_S001_T5_Watches (StudentID, ContentID) VALUES (6, 3);
INSERT INTO F23_S001_T5_Watches (StudentID, ContentID) VALUES (3, 26);
INSERT INTO F23_S001_T5_Watches (StudentID, ContentID) VALUES (27, 17);
INSERT INTO F23_S001_T5_Watches (StudentID, ContentID) VALUES (31, 49);
INSERT INTO F23_S001_T5_Watches (StudentID, ContentID) VALUES (48, 46);
INSERT INTO F23_S001_T5_Watches (StudentID, ContentID) VALUES (40, 8);
INSERT INTO F23_S001_T5_Watches (StudentID, ContentID) VALUES (4, 38);
INSERT INTO F23_S001_T5_Watches (StudentID, ContentID) VALUES (16, 25);
INSERT INTO F23_S001_T5_Watches (StudentID, ContentID) VALUES (49, 17);
INSERT INTO F23_S001_T5_Watches (StudentID, ContentID) VALUES (28, 25);
INSERT INTO F23_S001_T5_Watches (StudentID, ContentID) VALUES (22, 37);
INSERT INTO F23_S001_T5_Watches (StudentID, ContentID) VALUES (9, 35);
INSERT INTO F23_S001_T5_Watches (StudentID, ContentID) VALUES (37, 2);
INSERT INTO F23_S001_T5_Watches (StudentID, ContentID) VALUES (37, 47);
INSERT INTO F23_S001_T5_Watches (StudentID, ContentID) VALUES (34, 27);
INSERT INTO F23_S001_T5_Watches (StudentID, ContentID) VALUES (48, 17);
INSERT INTO F23_S001_T5_Watches (StudentID, ContentID) VALUES (16, 16);
INSERT INTO F23_S001_T5_Watches (StudentID, ContentID) VALUES (16, 18);
INSERT INTO F23_S001_T5_Watches (StudentID, ContentID) VALUES (49, 45);
INSERT INTO F23_S001_T5_Watches (StudentID, ContentID) VALUES (47, 37);
INSERT INTO F23_S001_T5_Watches (StudentID, ContentID) VALUES (32, 11);
INSERT INTO F23_S001_T5_Watches (StudentID, ContentID) VALUES (13, 37);
INSERT INTO F23_S001_T5_Watches (StudentID, ContentID) VALUES (43, 35);
INSERT INTO F23_S001_T5_Watches (StudentID, ContentID) VALUES (39, 2);
INSERT INTO F23_S001_T5_Watches (StudentID, ContentID) VALUES (3, 37);
INSERT INTO F23_S001_T5_Watches (StudentID, ContentID) VALUES (2, 19);
INSERT INTO F23_S001_T5_Watches (StudentID, ContentID) VALUES (22, 49);
INSERT INTO F23_S001_T5_Watches (StudentID, ContentID) VALUES (41, 47);
INSERT INTO F23_S001_T5_Watches (StudentID, ContentID) VALUES (49, 39);
INSERT INTO F23_S001_T5_Watches (StudentID, ContentID) VALUES (37, 6);
INSERT INTO F23_S001_T5_Watches (StudentID, ContentID) VALUES (46, 21);
INSERT INTO F23_S001_T5_Watches (StudentID, ContentID) VALUES (16, 8);
INSERT INTO F23_S001_T5_Watches (StudentID, ContentID) VALUES (13, 28);
INSERT INTO F23_S001_T5_Watches (StudentID, ContentID) VALUES (23, 19);
INSERT INTO F23_S001_T5_Watches (StudentID, ContentID) VALUES (5, 25);
INSERT INTO F23_S001_T5_Watches (StudentID, ContentID) VALUES (2, 9);
